<?xml version="1.0" encoding="UTF-8"?>

<mule xmlns:amqp="http://www.mulesoft.org/schema/mule/amqp" xmlns:cluster="http://www.mulesoft.org/schema/mule/ee/cluster" xmlns:db="http://www.mulesoft.org/schema/mule/db" xmlns:http="http://www.mulesoft.org/schema/mule/http" xmlns:context="http://www.springframework.org/schema/context" xmlns="http://www.mulesoft.org/schema/mule/core" xmlns:doc="http://www.mulesoft.org/schema/mule/documentation"
	xmlns:spring="http://www.springframework.org/schema/beans" 
	xmlns:xsi="http://www.w3.org/2001/XMLSchema-instance"
	xsi:schemaLocation="http://www.springframework.org/schema/beans http://www.springframework.org/schema/beans/spring-beans-current.xsd
http://www.mulesoft.org/schema/mule/core http://www.mulesoft.org/schema/mule/core/current/mule.xsd
http://www.mulesoft.org/schema/mule/db http://www.mulesoft.org/schema/mule/db/current/mule-db.xsd
http://www.springframework.org/schema/context http://www.springframework.org/schema/context/spring-context-current.xsd
http://www.mulesoft.org/schema/mule/http http://www.mulesoft.org/schema/mule/http/current/mule-http.xsd
http://www.mulesoft.org/schema/mule/amqp http://www.mulesoft.org/schema/mule/amqp/current/mule-amqp.xsd">
    <context:property-placeholder location="paymentdetails-${env}.properties"/>
    <db:mysql-config name="MySQL_Configuration" host="${db.host}" port="${db.port}" user="${db.user}" password="${db.password}" database="${db.database}" doc:name="MySQL Configuration"/>
    <http:listener-config name="HTTP_Listener_Configuration" host="0.0.0.0" port="8081" doc:name="HTTP Listener Configuration"/>
    <configuration defaultExceptionStrategy-ref="globalChoice_Exception_Strategy" doc:name="Configuration">
        <http:config useTransportForUris="false"/>
    </configuration>
    <amqp:connector name="AMQP_0_9_Connector" validateConnections="true" host="chimpanzee.rmq.cloudamqp.com" virtualHost="cmddruuu" username="cmddruuu" password="C-95VT5XRimMdbIOws1_fRGmlIBxbOfC" doc:name="AMQP-0-9 Connector"/>
    <choice-exception-strategy name="globalChoice_Exception_Strategy">
        <catch-exception-strategy when="#[exception.causedBy(org.mule.extension.validation.api.ValidationException)]" doc:name="Bad Request Exception">
            <set-payload value="{
&quot;Code&quot;:400,
&quot;Message&quot;:&quot;Bad Request&quot;
}" doc:name="Set Payload"/>
            <set-property propertyName="http.status" value="400" doc:name="Property"/>
            <logger message="#[message]" level="INFO" doc:name="Logger"/>
        </catch-exception-strategy>
        <catch-exception-strategy when="#[exception.causedBy(org.mule.module.apikit.exception.MethodNotAllowedException)]" doc:name="Method not allowed Exception Strategy">
            <set-payload value="{ &quot;Code&quot;:405, &quot;Message&quot;:&quot;Request method not supported&quot; }" doc:name="Set Payload"/>
            <set-property propertyName="http.status" value="405" doc:name="Property"/>
            <logger level="INFO" doc:name="Logger" message="#[message]"/>
        </catch-exception-strategy>
         <catch-exception-strategy doc:name="Account not found Exception Strategy" when="#[exception.causedBy(java.util.NoSuchElementException)]">
            <set-payload value="{
&quot;Code&quot;:404,
&quot;Message&quot;:&quot;Account not found&quot;
}" doc:name="Set Payload"/>
            <set-property propertyName="http.status" value="404" doc:name="Property"/>
            <logger level="INFO" doc:name="Logger"/>
        </catch-exception-strategy>
        <catch-exception-strategy doc:name="All Catch Exception">
            <set-payload value="{
&quot;Code&quot;:500,
&quot;Message&quot;:&quot;Internal Server Error&quot;
}" doc:name="Set Payload"/>
            <set-property propertyName="http.status" value="500" doc:name="Property"/>
            <logger level="INFO" doc:name="Logger"/>
        </catch-exception-strategy>
       
    </choice-exception-strategy>
</mule>
