<?xml version="1.0" encoding="UTF-8"?>

<mule xmlns:ws="http://www.mulesoft.org/schema/mule/ws" xmlns:metadata="http://www.mulesoft.org/schema/mule/metadata" xmlns:amqp="http://www.mulesoft.org/schema/mule/amqp" xmlns:validation="http://www.mulesoft.org/schema/mule/validation" xmlns:dw="http://www.mulesoft.org/schema/mule/ee/dw" xmlns:db="http://www.mulesoft.org/schema/mule/db" xmlns:json="http://www.mulesoft.org/schema/mule/json" xmlns:http="http://www.mulesoft.org/schema/mule/http" xmlns:tracking="http://www.mulesoft.org/schema/mule/ee/tracking" xmlns="http://www.mulesoft.org/schema/mule/core" xmlns:doc="http://www.mulesoft.org/schema/mule/documentation"
	xmlns:spring="http://www.springframework.org/schema/beans" 
	xmlns:xsi="http://www.w3.org/2001/XMLSchema-instance"
	xsi:schemaLocation="http://www.springframework.org/schema/beans http://www.springframework.org/schema/beans/spring-beans-current.xsd
http://www.mulesoft.org/schema/mule/core http://www.mulesoft.org/schema/mule/core/current/mule.xsd
http://www.mulesoft.org/schema/mule/http http://www.mulesoft.org/schema/mule/http/current/mule-http.xsd
http://www.mulesoft.org/schema/mule/ee/tracking http://www.mulesoft.org/schema/mule/ee/tracking/current/mule-tracking-ee.xsd
http://www.mulesoft.org/schema/mule/db http://www.mulesoft.org/schema/mule/db/current/mule-db.xsd
http://www.mulesoft.org/schema/mule/ee/dw http://www.mulesoft.org/schema/mule/ee/dw/current/dw.xsd
http://www.mulesoft.org/schema/mule/json http://www.mulesoft.org/schema/mule/json/current/mule-json.xsd
http://www.mulesoft.org/schema/mule/validation http://www.mulesoft.org/schema/mule/validation/current/mule-validation.xsd
http://www.mulesoft.org/schema/mule/amqp http://www.mulesoft.org/schema/mule/amqp/current/mule-amqp.xsd
http://www.mulesoft.org/schema/mule/ws http://www.mulesoft.org/schema/mule/ws/current/mule-ws.xsd">
    <ws:consumer-config name="Web_Service_Consumer1" wsdlLocation="http://34.236.109.151:8000/ws/bankdetails.wsdl" service="BankDetailPortService" port="BankDetailPortSoap11" serviceAddress="http://34.236.109.151:8000/ws" doc:name="Web Service Consumer"/>
    <flow name="getLoanPaymentDetails">
        <validation:custom-validator class="loanpaymentdetails.CustomValidator" doc:name="Validation"/>
        <db:select config-ref="MySQL_Configuration" doc:name="Database">
            <db:parameterized-query><![CDATA[select AccountId
from accountdescriptor
where AccountId = #[message.inboundProperties.'http.uri.params'.accountId]]]></db:parameterized-query>
        </db:select>
        <validation:is-not-empty message="Account Not Found !" exceptionClass="java.util.NoSuchElementException" value="#[payload]" doc:name="Validate Account Id in DB"/>
        <scatter-gather doc:name="Scatter-Gather">
            <flow-ref name="getLoanDetails" doc:name="getLoanDetails"/>
            <flow-ref name="getPaymentDetails" doc:name="getPaymentDetails"/>
        </scatter-gather>
        <flow-ref name="OtherFlow" doc:name="OtherFlow"/>
    </flow>
    <sub-flow name="OtherFlow">
        <logger message="objectjava : #[payload]" level="INFO" doc:name="Logger"/>
        <scatter-gather doc:name="Scatter-Gather">
            <custom-aggregation-strategy class="loanpaymentdetails.CustomAgreegator"/>
            <flow-ref name="SendToRabbitMQFlow" doc:name="SendToRabbitMQFlow"/>
            <processor-chain>
                <json:object-to-json-transformer doc:name="Object to JSON"/>
                <flow-ref name="SendToPostmanFlow" doc:name="SendToPostmanFlow"/>
            </processor-chain>
            <flow-ref name="SoapFlow" doc:name="Soap Flow"/>
        </scatter-gather>
    </sub-flow>
    <sub-flow name="SoapFlow">
        <db:select config-ref="MySQL_Configuration" doc:name="Database">
            <db:parameterized-query><![CDATA[select CustomerId from accountdescriptor
where AccountId = #[flowVars.accountId]]]></db:parameterized-query>
        </db:select>
        <set-variable variableName="CustomerId" value="#[payload.CustomerId]" doc:name="Variable"/>
        <dw:transform-message doc:name="Transform Message">
            <dw:input-payload doc:sample="sample_data\list_map_3.dwl"/>
            <dw:set-payload><![CDATA[%dw 1.0
%output application/xml
%namespace ns0 http://bank-web-service
---
{
	ns0#getBankDetailsRequest: {
		ns0#customerId: payload.CustomerId[0]
	}
}]]></dw:set-payload>
        </dw:transform-message>
        <ws:consumer config-ref="Web_Service_Consumer1" operation="getBankDetails" doc:name="Web Service Consumer"/>
        <dw:transform-message doc:name="Transform Message" metadata:id="1a41f160-0bf4-4b2b-9759-0233bb08c0a1">
            <dw:set-payload><![CDATA[%dw 1.0
%output application/json
%namespace ns0 http://bank-web-service
---
[{
	bank: {
		bankName: payload.ns0#getBankDetailsResponse.ns0#bank.ns0#bankName,
		branch: {
			branchName: payload.ns0#getBankDetailsResponse.ns0#bank.ns0#branch.ns0#branchName,
			ifsc: payload.ns0#getBankDetailsResponse.ns0#bank.ns0#branch.ns0#ifsc,
			address: payload.ns0#getBankDetailsResponse.ns0#bank.ns0#branch.ns0#address,
			city: payload.ns0#getBankDetailsResponse.ns0#bank.ns0#branch.ns0#city,
			state: payload.ns0#getBankDetailsResponse.ns0#bank.ns0#branch.ns0#state,
			country: payload.ns0#getBankDetailsResponse.ns0#bank.ns0#branch.ns0#country,
			zip: payload.ns0#getBankDetailsResponse.ns0#bank.ns0#branch.ns0#zip,
			telephone: payload.ns0#getBankDetailsResponse.ns0#bank.ns0#branch.ns0#telephone,
			email: payload.ns0#getBankDetailsResponse.ns0#bank.ns0#branch.ns0#email
		}
	}
}]]]></dw:set-payload>
        </dw:transform-message>
        <logger message="soap payload: #[payload]" level="INFO" doc:name="Logger"/>
        <set-payload value="#[NullPayload]" doc:name="Set Payload"/>
    </sub-flow>
    <flow name="pdfDownloadFlow">
        <dw:transform-message doc:name="Transform Message">
            <dw:set-payload><![CDATA[%dw 1.0
%output application/json
---
payload]]></dw:set-payload>
        </dw:transform-message>
        <component class="loanpaymentdetails.PDFUtility" doc:name="Java"/>
        <logger level="INFO" doc:name="Logger"/>
    </flow>
    <flow name="SendToRabbitMQFlow">
        <object-to-string-transformer doc:name="Object to String"/>
        <amqp:outbound-endpoint queueName="mule-queue" responseTimeout="10000" exchange-pattern="request-response" doc:name="AMQP-0-9"/>
    </flow>
    <sub-flow name="getLoanDetails">
        <db:select config-ref="MySQL_Configuration" doc:name="Database">
            <db:parameterized-query><![CDATA[select ad.AccountId, la.OriginalPrincipal, la.LoanTerm,
la.TotalNumberOfPayments,la.PaymentFrequency
from accountdescriptor ad inner join account a
on ad.AccountDescriptorId = a.AccDescriptorId
inner join loanaccount la
on a.AccountMasterId = la.AccountId
where ad.AccountId=#[message.inboundProperties.'http.uri.params'.accountId]]]></db:parameterized-query>
        </db:select>
        <logger level="INFO" doc:name="Logger" message="#[payload]"/>
    </sub-flow>
    <sub-flow name="getPaymentDetails">
        <db:select config-ref="MySQL_Configuration" doc:name="Database">
            <db:parameterized-query><![CDATA[select pd.PrincipalAmount, pd.InterestAmount, pd.InsuranceAmount, pd.EscrowAmount, pd.PmiAmount, pd.FeesAmount 
from transaction t inner join loantransaction lt 
on t.TransactionId = lt.TransactionId
inner join paymentdetails pd 
on pd.LoanTransactionId = lt.LoanTransactionId
where t.AccountId =
#[message.inboundProperties.'http.uri.params'.accountId]]]></db:parameterized-query>
        </db:select>
        <logger message="#[payload]" level="INFO" doc:name="Logger"/>
    </sub-flow>
    <flow name="SendToPostmanFlow">
        <logger message="#[payload]" level="INFO" doc:name="Logger"/>
    </flow>
</mule>
