<?xml version="1.0" encoding="UTF-8"?>
<mule xmlns:doc="http://www.mulesoft.org/schema/mule/documentation" xmlns="http://www.mulesoft.org/schema/mule/core" xmlns:apikit="http://www.mulesoft.org/schema/mule/apikit" xmlns:http="http://www.mulesoft.org/schema/mule/http" xmlns:spring="http://www.springframework.org/schema/beans" xmlns:xsi="http://www.w3.org/2001/XMLSchema-instance" xsi:schemaLocation="http://www.mulesoft.org/schema/mule/core http://www.mulesoft.org/schema/mule/core/current/mule.xsd
http://www.mulesoft.org/schema/mule/http http://www.mulesoft.org/schema/mule/http/current/mule-http.xsd
http://www.mulesoft.org/schema/mule/apikit http://www.mulesoft.org/schema/mule/apikit/current/mule-apikit.xsd
http://www.springframework.org/schema/beans http://www.springframework.org/schema/beans/spring-beans-3.1.xsd">

    <apikit:config name="paymentdetails-config" raml="paymentdetails.raml" consoleEnabled="false" doc:name="Router"/>
    <flow name="paymentdetails-main">
        <http:listener config-ref="HTTP_Listener_Configuration" path="/api/v1/dda/*" doc:name="HTTP"/>
        <apikit:router config-ref="paymentdetails-config" doc:name="APIkit Router"/>
        <exception-strategy ref="globalChoice_Exception_Strategy" doc:name="Reference Exception Strategy"/>
    </flow>
    <!-- <flow name="paymentdetails-console">
        <http:listener config-ref="" path="/console/*" doc:name="HTTP"/>
        <apikit:console config-ref="paymentdetails-config" doc:name="APIkit Console"/>
    </flow> -->
    <flow name="get:/loans/payments/{accountId}:paymentdetails-config">
        <flow-ref name="getLoanPaymentDetails" doc:name="getLoanPaymentDetails"/>

    </flow>

</mule>
