<metadata__catalog__entry>
  <version>5.2.0.0</version>
  <types class="tree-map">
    <entry>
      <org.mule.common.metadata.DefaultMetaDataKey>
        <id>GET:/flights/{Id}_response</id>
        <displayName>GET:/flights/{Id}_response</displayName>
        <category>DEFAULT</category>
        <metaDataKeyPropertiesManager>
          <properties>
            <org.mule.common.metadata.key.property.dsql.DsqlFromMetaDataKeyProperty/>
          </properties>
        </metaDataKeyPropertiesManager>
      </org.mule.common.metadata.DefaultMetaDataKey>
      <org.mule.common.metadata.DefaultStructuredMetadataModel>
        <dataType>JSON</dataType>
        <metaDataModelPropertiesManager>
          <properties>
            <org.mule.common.metadata.property.TextBasedExampleMetaDataModelProperty>
              <exampleContent>{
&quot;ID&quot; : 1,
&quot;code&quot; : &quot;ER38sd&quot;,
&quot;price&quot; : 400,
&quot;departureDate&quot; : &quot;2017/07/26&quot;,
&quot;origin&quot; : &quot;CLE&quot;,
&quot;destination&quot; : &quot;SFO&quot;,
&quot;emptySeats&quot; : 0,
&quot;plane&quot; : {
&quot;type&quot; : &quot;Boeing 737&quot;,
&quot;totalSeats&quot; : 150
}
}</exampleContent>
            </org.mule.common.metadata.property.TextBasedExampleMetaDataModelProperty>
            <org.mule.common.metadata.property.StructureIdentifierMetaDataModelProperty>
              <metaDataKey class="org.mule.common.metadata.DefaultMetaDataKey">
                <id>GET:/flights/{Id}_response</id>
                <displayName>GET:/flights/{Id}_response</displayName>
                <category>DEFAULT</category>
                <metaDataKeyPropertiesManager>
                  <properties>
                    <org.mule.common.metadata.key.property.dsql.DsqlFromMetaDataKeyProperty/>
                  </properties>
                </metaDataKeyPropertiesManager>
              </metaDataKey>
              <derivedStructure>false</derivedStructure>
              <generatedStructure>false</generatedStructure>
            </org.mule.common.metadata.property.StructureIdentifierMetaDataModelProperty>
          </properties>
        </metaDataModelPropertiesManager>
        <fields>
          <org.mule.common.metadata.DefaultMetaDataField>
            <name>ID</name>
            <model class="org.mule.common.metadata.DefaultSimpleMetaDataModel">
              <dataType>INTEGER</dataType>
              <metaDataModelPropertiesManager>
                <properties/>
              </metaDataModelPropertiesManager>
            </model>
            <accessType>READ_WRITE</accessType>
            <metaDataFieldPropertyManager>
              <properties>
                <org.mule.common.metadata.field.property.dsql.DsqlSelectMetaDataFieldProperty/>
                <org.mule.common.metadata.field.property.dsql.DsqlWhereMetaDataFieldProperty/>
                <org.mule.common.metadata.field.property.dsql.DsqlOrderMetaDataFieldProperty/>
                <org.mule.common.metadata.field.property.dsql.DsqlQueryOperatorsMetaDataFieldProperty>
                  <supportedOperators>
                    <org.mule.common.query.expression.LessOperator/>
                    <org.mule.common.query.expression.LessOrEqualsOperator/>
                    <org.mule.common.query.expression.EqualsOperator/>
                    <org.mule.common.query.expression.GreaterOperator/>
                    <org.mule.common.query.expression.GreaterOrEqualsOperator/>
                    <org.mule.common.query.expression.NotEqualsOperator/>
                  </supportedOperators>
                </org.mule.common.metadata.field.property.dsql.DsqlQueryOperatorsMetaDataFieldProperty>
              </properties>
            </metaDataFieldPropertyManager>
          </org.mule.common.metadata.DefaultMetaDataField>
          <org.mule.common.metadata.DefaultMetaDataField>
            <name>code</name>
            <model class="org.mule.common.metadata.DefaultSimpleMetaDataModel">
              <dataType>STRING</dataType>
              <metaDataModelPropertiesManager>
                <properties/>
              </metaDataModelPropertiesManager>
            </model>
            <accessType>READ_WRITE</accessType>
            <metaDataFieldPropertyManager>
              <properties>
                <org.mule.common.metadata.field.property.dsql.DsqlSelectMetaDataFieldProperty/>
                <org.mule.common.metadata.field.property.dsql.DsqlWhereMetaDataFieldProperty/>
                <org.mule.common.metadata.field.property.dsql.DsqlOrderMetaDataFieldProperty/>
                <org.mule.common.metadata.field.property.dsql.DsqlQueryOperatorsMetaDataFieldProperty>
                  <supportedOperators>
                    <org.mule.common.query.expression.LessOperator/>
                    <org.mule.common.query.expression.LessOrEqualsOperator/>
                    <org.mule.common.query.expression.EqualsOperator/>
                    <org.mule.common.query.expression.GreaterOperator/>
                    <org.mule.common.query.expression.GreaterOrEqualsOperator/>
                    <org.mule.common.query.expression.NotEqualsOperator/>
                    <org.mule.common.query.expression.LikeOperator/>
                  </supportedOperators>
                </org.mule.common.metadata.field.property.dsql.DsqlQueryOperatorsMetaDataFieldProperty>
              </properties>
            </metaDataFieldPropertyManager>
          </org.mule.common.metadata.DefaultMetaDataField>
          <org.mule.common.metadata.DefaultMetaDataField>
            <name>departureDate</name>
            <model class="org.mule.common.metadata.DefaultSimpleMetaDataModel">
              <dataType>STRING</dataType>
              <metaDataModelPropertiesManager>
                <properties/>
              </metaDataModelPropertiesManager>
            </model>
            <accessType>READ_WRITE</accessType>
            <metaDataFieldPropertyManager>
              <properties>
                <org.mule.common.metadata.field.property.dsql.DsqlSelectMetaDataFieldProperty/>
                <org.mule.common.metadata.field.property.dsql.DsqlWhereMetaDataFieldProperty/>
                <org.mule.common.metadata.field.property.dsql.DsqlOrderMetaDataFieldProperty/>
                <org.mule.common.metadata.field.property.dsql.DsqlQueryOperatorsMetaDataFieldProperty>
                  <supportedOperators>
                    <org.mule.common.query.expression.LessOperator/>
                    <org.mule.common.query.expression.LessOrEqualsOperator/>
                    <org.mule.common.query.expression.EqualsOperator/>
                    <org.mule.common.query.expression.GreaterOperator/>
                    <org.mule.common.query.expression.GreaterOrEqualsOperator/>
                    <org.mule.common.query.expression.NotEqualsOperator/>
                    <org.mule.common.query.expression.LikeOperator/>
                  </supportedOperators>
                </org.mule.common.metadata.field.property.dsql.DsqlQueryOperatorsMetaDataFieldProperty>
              </properties>
            </metaDataFieldPropertyManager>
          </org.mule.common.metadata.DefaultMetaDataField>
          <org.mule.common.metadata.DefaultMetaDataField>
            <name>destination</name>
            <model class="org.mule.common.metadata.DefaultSimpleMetaDataModel">
              <dataType>STRING</dataType>
              <metaDataModelPropertiesManager>
                <properties/>
              </metaDataModelPropertiesManager>
            </model>
            <accessType>READ_WRITE</accessType>
            <metaDataFieldPropertyManager>
              <properties>
                <org.mule.common.metadata.field.property.dsql.DsqlSelectMetaDataFieldProperty/>
                <org.mule.common.metadata.field.property.dsql.DsqlWhereMetaDataFieldProperty/>
                <org.mule.common.metadata.field.property.dsql.DsqlOrderMetaDataFieldProperty/>
                <org.mule.common.metadata.field.property.dsql.DsqlQueryOperatorsMetaDataFieldProperty>
                  <supportedOperators>
                    <org.mule.common.query.expression.LessOperator/>
                    <org.mule.common.query.expression.LessOrEqualsOperator/>
                    <org.mule.common.query.expression.EqualsOperator/>
                    <org.mule.common.query.expression.GreaterOperator/>
                    <org.mule.common.query.expression.GreaterOrEqualsOperator/>
                    <org.mule.common.query.expression.NotEqualsOperator/>
                    <org.mule.common.query.expression.LikeOperator/>
                  </supportedOperators>
                </org.mule.common.metadata.field.property.dsql.DsqlQueryOperatorsMetaDataFieldProperty>
              </properties>
            </metaDataFieldPropertyManager>
          </org.mule.common.metadata.DefaultMetaDataField>
          <org.mule.common.metadata.DefaultMetaDataField>
            <name>emptySeats</name>
            <model class="org.mule.common.metadata.DefaultSimpleMetaDataModel">
              <dataType>INTEGER</dataType>
              <metaDataModelPropertiesManager>
                <properties/>
              </metaDataModelPropertiesManager>
            </model>
            <accessType>READ_WRITE</accessType>
            <metaDataFieldPropertyManager>
              <properties>
                <org.mule.common.metadata.field.property.dsql.DsqlSelectMetaDataFieldProperty/>
                <org.mule.common.metadata.field.property.dsql.DsqlWhereMetaDataFieldProperty/>
                <org.mule.common.metadata.field.property.dsql.DsqlOrderMetaDataFieldProperty/>
                <org.mule.common.metadata.field.property.dsql.DsqlQueryOperatorsMetaDataFieldProperty>
                  <supportedOperators>
                    <org.mule.common.query.expression.LessOperator/>
                    <org.mule.common.query.expression.LessOrEqualsOperator/>
                    <org.mule.common.query.expression.EqualsOperator/>
                    <org.mule.common.query.expression.GreaterOperator/>
                    <org.mule.common.query.expression.GreaterOrEqualsOperator/>
                    <org.mule.common.query.expression.NotEqualsOperator/>
                  </supportedOperators>
                </org.mule.common.metadata.field.property.dsql.DsqlQueryOperatorsMetaDataFieldProperty>
              </properties>
            </metaDataFieldPropertyManager>
          </org.mule.common.metadata.DefaultMetaDataField>
          <org.mule.common.metadata.DefaultMetaDataField>
            <name>origin</name>
            <model class="org.mule.common.metadata.DefaultSimpleMetaDataModel">
              <dataType>STRING</dataType>
              <metaDataModelPropertiesManager>
                <properties/>
              </metaDataModelPropertiesManager>
            </model>
            <accessType>READ_WRITE</accessType>
            <metaDataFieldPropertyManager>
              <properties>
                <org.mule.common.metadata.field.property.dsql.DsqlSelectMetaDataFieldProperty/>
                <org.mule.common.metadata.field.property.dsql.DsqlWhereMetaDataFieldProperty/>
                <org.mule.common.metadata.field.property.dsql.DsqlOrderMetaDataFieldProperty/>
                <org.mule.common.metadata.field.property.dsql.DsqlQueryOperatorsMetaDataFieldProperty>
                  <supportedOperators>
                    <org.mule.common.query.expression.LessOperator/>
                    <org.mule.common.query.expression.LessOrEqualsOperator/>
                    <org.mule.common.query.expression.EqualsOperator/>
                    <org.mule.common.query.expression.GreaterOperator/>
                    <org.mule.common.query.expression.GreaterOrEqualsOperator/>
                    <org.mule.common.query.expression.NotEqualsOperator/>
                    <org.mule.common.query.expression.LikeOperator/>
                  </supportedOperators>
                </org.mule.common.metadata.field.property.dsql.DsqlQueryOperatorsMetaDataFieldProperty>
              </properties>
            </metaDataFieldPropertyManager>
          </org.mule.common.metadata.DefaultMetaDataField>
          <org.mule.common.metadata.DefaultMetaDataField>
            <name>plane</name>
            <model class="org.mule.common.metadata.DefaultStructuredMetadataModel">
              <dataType>JSON</dataType>
              <metaDataModelPropertiesManager>
                <properties/>
              </metaDataModelPropertiesManager>
              <fields>
                <org.mule.common.metadata.DefaultMetaDataField>
                  <name>totalSeats</name>
                  <model class="org.mule.common.metadata.DefaultSimpleMetaDataModel">
                    <dataType>INTEGER</dataType>
                    <metaDataModelPropertiesManager>
                      <properties/>
                    </metaDataModelPropertiesManager>
                  </model>
                  <accessType>READ_WRITE</accessType>
                  <metaDataFieldPropertyManager>
                    <properties>
                      <org.mule.common.metadata.field.property.dsql.DsqlSelectMetaDataFieldProperty/>
                      <org.mule.common.metadata.field.property.dsql.DsqlWhereMetaDataFieldProperty/>
                      <org.mule.common.metadata.field.property.dsql.DsqlOrderMetaDataFieldProperty/>
                      <org.mule.common.metadata.field.property.dsql.DsqlQueryOperatorsMetaDataFieldProperty>
                        <supportedOperators>
                          <org.mule.common.query.expression.LessOperator/>
                          <org.mule.common.query.expression.LessOrEqualsOperator/>
                          <org.mule.common.query.expression.EqualsOperator/>
                          <org.mule.common.query.expression.GreaterOperator/>
                          <org.mule.common.query.expression.GreaterOrEqualsOperator/>
                          <org.mule.common.query.expression.NotEqualsOperator/>
                        </supportedOperators>
                      </org.mule.common.metadata.field.property.dsql.DsqlQueryOperatorsMetaDataFieldProperty>
                    </properties>
                  </metaDataFieldPropertyManager>
                </org.mule.common.metadata.DefaultMetaDataField>
                <org.mule.common.metadata.DefaultMetaDataField>
                  <name>type</name>
                  <model class="org.mule.common.metadata.DefaultSimpleMetaDataModel">
                    <dataType>STRING</dataType>
                    <metaDataModelPropertiesManager>
                      <properties/>
                    </metaDataModelPropertiesManager>
                  </model>
                  <accessType>READ_WRITE</accessType>
                  <metaDataFieldPropertyManager>
                    <properties>
                      <org.mule.common.metadata.field.property.dsql.DsqlSelectMetaDataFieldProperty/>
                      <org.mule.common.metadata.field.property.dsql.DsqlWhereMetaDataFieldProperty/>
                      <org.mule.common.metadata.field.property.dsql.DsqlOrderMetaDataFieldProperty/>
                      <org.mule.common.metadata.field.property.dsql.DsqlQueryOperatorsMetaDataFieldProperty>
                        <supportedOperators>
                          <org.mule.common.query.expression.LessOperator/>
                          <org.mule.common.query.expression.LessOrEqualsOperator/>
                          <org.mule.common.query.expression.EqualsOperator/>
                          <org.mule.common.query.expression.GreaterOperator/>
                          <org.mule.common.query.expression.GreaterOrEqualsOperator/>
                          <org.mule.common.query.expression.NotEqualsOperator/>
                          <org.mule.common.query.expression.LikeOperator/>
                        </supportedOperators>
                      </org.mule.common.metadata.field.property.dsql.DsqlQueryOperatorsMetaDataFieldProperty>
                    </properties>
                  </metaDataFieldPropertyManager>
                </org.mule.common.metadata.DefaultMetaDataField>
              </fields>
            </model>
            <accessType>READ_WRITE</accessType>
            <metaDataFieldPropertyManager>
              <properties>
                <org.mule.common.metadata.field.property.dsql.DsqlSelectMetaDataFieldProperty/>
                <org.mule.common.metadata.field.property.dsql.DsqlWhereMetaDataFieldProperty/>
                <org.mule.common.metadata.field.property.dsql.DsqlOrderMetaDataFieldProperty/>
                <org.mule.common.metadata.field.property.dsql.DsqlQueryOperatorsMetaDataFieldProperty>
                  <supportedOperators/>
                </org.mule.common.metadata.field.property.dsql.DsqlQueryOperatorsMetaDataFieldProperty>
              </properties>
            </metaDataFieldPropertyManager>
          </org.mule.common.metadata.DefaultMetaDataField>
          <org.mule.common.metadata.DefaultMetaDataField>
            <name>price</name>
            <model class="org.mule.common.metadata.DefaultSimpleMetaDataModel">
              <dataType>NUMBER</dataType>
              <metaDataModelPropertiesManager>
                <properties/>
              </metaDataModelPropertiesManager>
            </model>
            <accessType>READ_WRITE</accessType>
            <metaDataFieldPropertyManager>
              <properties>
                <org.mule.common.metadata.field.property.dsql.DsqlSelectMetaDataFieldProperty/>
                <org.mule.common.metadata.field.property.dsql.DsqlWhereMetaDataFieldProperty/>
                <org.mule.common.metadata.field.property.dsql.DsqlOrderMetaDataFieldProperty/>
                <org.mule.common.metadata.field.property.dsql.DsqlQueryOperatorsMetaDataFieldProperty>
                  <supportedOperators>
                    <org.mule.common.query.expression.LessOperator/>
                    <org.mule.common.query.expression.LessOrEqualsOperator/>
                    <org.mule.common.query.expression.EqualsOperator/>
                    <org.mule.common.query.expression.GreaterOperator/>
                    <org.mule.common.query.expression.GreaterOrEqualsOperator/>
                    <org.mule.common.query.expression.NotEqualsOperator/>
                  </supportedOperators>
                </org.mule.common.metadata.field.property.dsql.DsqlQueryOperatorsMetaDataFieldProperty>
              </properties>
            </metaDataFieldPropertyManager>
          </org.mule.common.metadata.DefaultMetaDataField>
        </fields>
      </org.mule.common.metadata.DefaultStructuredMetadataModel>
    </entry>
  </types>
  <connectorName>American_HTTP_Request_Configuration</connectorName>
</metadata__catalog__entry>