<custom__type__definition>
  <version>5.2.0.0</version>
  <typeName class="org.mule.common.metadata.DefaultMetaDataKey">
    <id>flights_xml</id>
    <displayName>flights_xml</displayName>
    <category>DEFAULT</category>
    <metaDataKeyPropertiesManager>
      <properties>
        <org.mule.common.metadata.key.property.dsql.DsqlFromMetaDataKeyProperty/>
      </properties>
    </metaDataKeyPropertiesManager>
  </typeName>
  <metadataModel class="org.mule.common.metadata.DefaultXmlMetaDataModel">
    <dataType>XML</dataType>
    <metaDataModelPropertiesManager>
      <properties>
        <org.mule.common.metadata.property.xml.SchemaTypeMetaDataProperty>
          <typeQName>
            <namespaceURI>http://soap.training.mulesoft.com/</namespaceURI>
            <localPart>listAllFlightsResponseType</localPart>
            <prefix></prefix>
          </typeQName>
        </org.mule.common.metadata.property.xml.SchemaTypeMetaDataProperty>
        <org.mule.common.metadata.property.TextBasedExampleMetaDataModelProperty>
          <exampleContent>D:\AnypointStudio-for-win-64bit-6.5.0-201806071907\workspace\apdev-flights-ws\src\test\resources\flights-example.xml</exampleContent>
        </org.mule.common.metadata.property.TextBasedExampleMetaDataModelProperty>
        <org.mule.tooling.metadata.properties.DefinitionEditorModeType>
          <mode>EXAMPLE</mode>
          <path>src\test\resources\flights-example.xml</path>
          <rootElement>listAllFlightsResponse</rootElement>
        </org.mule.tooling.metadata.properties.DefinitionEditorModeType>
      </properties>
    </metaDataModelPropertiesManager>
    <fields>
      <org.mule.common.metadata.DefaultMetaDataField>
        <name>return</name>
        <model class="org.mule.common.metadata.DefaultListMetaDataModel">
          <dataType>LIST</dataType>
          <metaDataModelPropertiesManager>
            <properties>
              <org.mule.common.metadata.property.xml.SchemaTypeMetaDataProperty>
                <typeQName>
                  <namespaceURI></namespaceURI>
                  <localPart>returnType</localPart>
                  <prefix></prefix>
                </typeQName>
              </org.mule.common.metadata.property.xml.SchemaTypeMetaDataProperty>
              <org.mule.common.metadata.property.xml.UnboundMetaDataProperty>
                <maxOccurs>2147483647</maxOccurs>
                <minOccurs>0</minOccurs>
              </org.mule.common.metadata.property.xml.UnboundMetaDataProperty>
            </properties>
          </metaDataModelPropertiesManager>
          <model class="org.mule.common.metadata.DefaultXmlMetaDataModel">
            <dataType>XML</dataType>
            <metaDataModelPropertiesManager>
              <properties/>
            </metaDataModelPropertiesManager>
            <fields>
              <org.mule.common.metadata.DefaultMetaDataField>
                <name>code</name>
                <model class="org.mule.common.metadata.DefaultSimpleMetaDataModel">
                  <dataType>STRING</dataType>
                  <metaDataModelPropertiesManager>
                    <properties/>
                  </metaDataModelPropertiesManager>
                </model>
                <accessType>READ_WRITE</accessType>
                <metaDataFieldPropertyManager>
                  <properties>
                    <org.mule.common.metadata.property.QNameMetaDataProperty>
                      <name>
                        <namespaceURI></namespaceURI>
                        <localPart>code</localPart>
                        <prefix></prefix>
                      </name>
                    </org.mule.common.metadata.property.QNameMetaDataProperty>
                  </properties>
                </metaDataFieldPropertyManager>
              </org.mule.common.metadata.DefaultMetaDataField>
              <org.mule.common.metadata.DefaultMetaDataField>
                <name>departureDate</name>
                <model class="org.mule.common.metadata.DefaultSimpleMetaDataModel">
                  <dataType>STRING</dataType>
                  <metaDataModelPropertiesManager>
                    <properties/>
                  </metaDataModelPropertiesManager>
                </model>
                <accessType>READ_WRITE</accessType>
                <metaDataFieldPropertyManager>
                  <properties>
                    <org.mule.common.metadata.property.QNameMetaDataProperty>
                      <name>
                        <namespaceURI></namespaceURI>
                        <localPart>departureDate</localPart>
                        <prefix></prefix>
                      </name>
                    </org.mule.common.metadata.property.QNameMetaDataProperty>
                  </properties>
                </metaDataFieldPropertyManager>
              </org.mule.common.metadata.DefaultMetaDataField>
              <org.mule.common.metadata.DefaultMetaDataField>
                <name>destination</name>
                <model class="org.mule.common.metadata.DefaultSimpleMetaDataModel">
                  <dataType>STRING</dataType>
                  <metaDataModelPropertiesManager>
                    <properties/>
                  </metaDataModelPropertiesManager>
                </model>
                <accessType>READ_WRITE</accessType>
                <metaDataFieldPropertyManager>
                  <properties>
                    <org.mule.common.metadata.property.QNameMetaDataProperty>
                      <name>
                        <namespaceURI></namespaceURI>
                        <localPart>destination</localPart>
                        <prefix></prefix>
                      </name>
                    </org.mule.common.metadata.property.QNameMetaDataProperty>
                  </properties>
                </metaDataFieldPropertyManager>
              </org.mule.common.metadata.DefaultMetaDataField>
              <org.mule.common.metadata.DefaultMetaDataField>
                <name>emptySeats</name>
                <model class="org.mule.common.metadata.DefaultSimpleMetaDataModel">
                  <dataType>INTEGER</dataType>
                  <metaDataModelPropertiesManager>
                    <properties/>
                  </metaDataModelPropertiesManager>
                </model>
                <accessType>READ_WRITE</accessType>
                <metaDataFieldPropertyManager>
                  <properties>
                    <org.mule.common.metadata.property.QNameMetaDataProperty>
                      <name>
                        <namespaceURI></namespaceURI>
                        <localPart>emptySeats</localPart>
                        <prefix></prefix>
                      </name>
                    </org.mule.common.metadata.property.QNameMetaDataProperty>
                  </properties>
                </metaDataFieldPropertyManager>
              </org.mule.common.metadata.DefaultMetaDataField>
              <org.mule.common.metadata.DefaultMetaDataField>
                <name>origin</name>
                <model class="org.mule.common.metadata.DefaultSimpleMetaDataModel">
                  <dataType>STRING</dataType>
                  <metaDataModelPropertiesManager>
                    <properties>
                      <org.mule.common.metadata.property.xml.SchemaTypeMetaDataProperty>
                        <typeQName>
                          <namespaceURI>http://www.w3.org/2001/XMLSchema</namespaceURI>
                          <localPart>string</localPart>
                          <prefix></prefix>
                        </typeQName>
                      </org.mule.common.metadata.property.xml.SchemaTypeMetaDataProperty>
                    </properties>
                  </metaDataModelPropertiesManager>
                </model>
                <accessType>READ_WRITE</accessType>
                <metaDataFieldPropertyManager>
                  <properties>
                    <org.mule.common.metadata.property.QNameMetaDataProperty>
                      <name>
                        <namespaceURI></namespaceURI>
                        <localPart>origin</localPart>
                        <prefix></prefix>
                      </name>
                    </org.mule.common.metadata.property.QNameMetaDataProperty>
                  </properties>
                </metaDataFieldPropertyManager>
              </org.mule.common.metadata.DefaultMetaDataField>
              <org.mule.common.metadata.DefaultMetaDataField>
                <name>planeType</name>
                <model class="org.mule.common.metadata.DefaultSimpleMetaDataModel">
                  <dataType>STRING</dataType>
                  <metaDataModelPropertiesManager>
                    <properties/>
                  </metaDataModelPropertiesManager>
                </model>
                <accessType>READ_WRITE</accessType>
                <metaDataFieldPropertyManager>
                  <properties>
                    <org.mule.common.metadata.property.QNameMetaDataProperty>
                      <name>
                        <namespaceURI></namespaceURI>
                        <localPart>planeType</localPart>
                        <prefix></prefix>
                      </name>
                    </org.mule.common.metadata.property.QNameMetaDataProperty>
                  </properties>
                </metaDataFieldPropertyManager>
              </org.mule.common.metadata.DefaultMetaDataField>
              <org.mule.common.metadata.DefaultMetaDataField>
                <name>price</name>
                <model class="org.mule.common.metadata.DefaultSimpleMetaDataModel">
                  <dataType>DOUBLE</dataType>
                  <metaDataModelPropertiesManager>
                    <properties/>
                  </metaDataModelPropertiesManager>
                </model>
                <accessType>READ_WRITE</accessType>
                <metaDataFieldPropertyManager>
                  <properties>
                    <org.mule.common.metadata.property.QNameMetaDataProperty>
                      <name>
                        <namespaceURI></namespaceURI>
                        <localPart>price</localPart>
                        <prefix></prefix>
                      </name>
                    </org.mule.common.metadata.property.QNameMetaDataProperty>
                  </properties>
                </metaDataFieldPropertyManager>
              </org.mule.common.metadata.DefaultMetaDataField>
              <org.mule.common.metadata.DefaultMetaDataField>
                <name>airlineName</name>
                <model class="org.mule.common.metadata.DefaultSimpleMetaDataModel">
                  <dataType>STRING</dataType>
                  <metaDataModelPropertiesManager>
                    <properties>
                      <org.mule.common.metadata.property.xml.SchemaTypeMetaDataProperty>
                        <typeQName reference="../../../../../../org.mule.common.metadata.DefaultMetaDataField[5]/model/metaDataModelPropertiesManager/properties/org.mule.common.metadata.property.xml.SchemaTypeMetaDataProperty/typeQName"/>
                      </org.mule.common.metadata.property.xml.SchemaTypeMetaDataProperty>
                    </properties>
                  </metaDataModelPropertiesManager>
                </model>
                <accessType>READ_WRITE</accessType>
                <metaDataFieldPropertyManager>
                  <properties>
                    <org.mule.common.metadata.property.QNameMetaDataProperty>
                      <name>
                        <namespaceURI></namespaceURI>
                        <localPart>airlineName</localPart>
                        <prefix></prefix>
                      </name>
                    </org.mule.common.metadata.property.QNameMetaDataProperty>
                    <org.mule.common.metadata.property.LabelMetaDataProperty>
                      <label>@airlineName</label>
                    </org.mule.common.metadata.property.LabelMetaDataProperty>
                    <org.mule.common.metadata.property.xml.AttributeMetaDataFieldProperty>
                      <isAttribute>true</isAttribute>
                    </org.mule.common.metadata.property.xml.AttributeMetaDataFieldProperty>
                  </properties>
                </metaDataFieldPropertyManager>
              </org.mule.common.metadata.DefaultMetaDataField>
            </fields>
            <rootElement>
              <namespaceURI>http://soap.training.mulesoft.com/</namespaceURI>
              <localPart>listAllFlightsResponse</localPart>
              <prefix>ns0</prefix>
            </rootElement>
            <schemas class="org.mule.common.metadata.UrlBasedSchemaProvider">
              <schemas>
                <url>file:/C:/Users/lchidrew/AppData/Local/Temp/4435e0de-1629-41e6-8a88-664f8fc2c783/flights-example.xml1875255607.xsd</url>
                <url>file:/C:/Users/lchidrew/AppData/Local/Temp/4435e0de-1629-41e6-8a88-664f8fc2c783/flights-example.xml-2039983133.xsd</url>
              </schemas>
            </schemas>
            <namespaceManager>
              <namespacePrefix class="tree-map">
                <entry>
                  <string>http://soap.training.mulesoft.com/</string>
                  <string>ns0</string>
                </entry>
              </namespacePrefix>
            </namespaceManager>
          </model>
          <isArray>false</isArray>
        </model>
        <accessType>READ_WRITE</accessType>
        <metaDataFieldPropertyManager>
          <properties>
            <org.mule.common.metadata.property.QNameMetaDataProperty>
              <name>
                <namespaceURI></namespaceURI>
                <localPart>return</localPart>
                <prefix></prefix>
              </name>
            </org.mule.common.metadata.property.QNameMetaDataProperty>
          </properties>
        </metaDataFieldPropertyManager>
      </org.mule.common.metadata.DefaultMetaDataField>
    </fields>
    <rootElement>
      <namespaceURI>http://soap.training.mulesoft.com/</namespaceURI>
      <localPart>listAllFlightsResponse</localPart>
      <prefix>ns0</prefix>
    </rootElement>
    <schemas class="org.mule.common.metadata.UrlBasedSchemaProvider">
      <schemas reference="../../fields/org.mule.common.metadata.DefaultMetaDataField/model/model/schemas/schemas"/>
    </schemas>
    <namespaceManager reference="../fields/org.mule.common.metadata.DefaultMetaDataField/model/model/namespaceManager"/>
  </metadataModel>
</custom__type__definition>